epoch,batch,loss
0,0,1.6122349500656128
0,1,1.573951005935669
0,2,1.5136300325393677
0,3,1.5856715440750122
0,4,1.5529705286026
0,5,1.535378098487854
0,6,1.5455368757247925
0,7,1.5022119283676147
0,8,1.6275943517684937
0,9,1.4815342426300049
0,10,1.4981131553649902
0,11,1.4770054817199707
0,12,1.4765489101409912
0,13,1.6099231243133545
0,14,1.5010652542114258
0,15,1.5010381937026978
0,16,1.5064091682434082
0,17,1.5470529794692993
0,18,1.5419402122497559
0,19,1.493518352508545
0,20,1.4503943920135498
0,21,1.5328947305679321
0,22,1.5116275548934937
0,23,1.5113760232925415
0,24,1.5906000137329102
0,25,1.5320616960525513
0,26,1.4894195795059204
0,27,1.4740571975708008
0,28,1.491931676864624
0,29,1.4620453119277954
0,30,1.5132709741592407
0,31,1.4780776500701904
0,32,1.5003677606582642
0,33,1.4404280185699463
0,34,1.5022776126861572
0,35,1.550811767578125
0,36,1.540006399154663
0,37,1.4919347763061523
0,38,1.5508042573928833
0,39,1.482689619064331
0,40,1.4809430837631226
0,41,1.459251046180725
0,42,1.459596037864685
0,43,1.4604144096374512
0,44,1.484058141708374
0,45,1.5089443922042847
0,46,1.4675977230072021
0,47,1.4742249250411987
0,48,1.7722890377044678
0,49,1.4943879842758179
0,50,1.463239073753357
0,51,1.4627046585083008
0,52,1.4315286874771118
0,53,1.4573417901992798
0,54,1.44600248336792
0,55,1.549405574798584
0,56,1.4461129903793335
0,57,1.461840271949768
0,58,1.4779200553894043
0,59,1.4980353116989136
0,60,1.5023902654647827
0,61,1.429436445236206
0,62,1.4384435415267944
0,63,1.443926453590393
0,64,1.6153323650360107
0,65,1.4255295991897583
0,66,1.4190113544464111
0,67,1.4303791522979736
0,68,1.4191908836364746
0,69,1.4110230207443237
0,70,1.4257173538208008
0,71,1.5076829195022583
0,72,1.394948124885559
0,73,1.4051322937011719
0,74,1.4778486490249634
0,75,1.4181309938430786
0,76,1.4062012434005737
0,77,1.4175341129302979
0,78,1.4329071044921875
0,79,1.4082082509994507
0,80,1.402543067932129
0,81,1.6982630491256714
0,82,1.3784962892532349
0,83,1.385591983795166
0,84,1.484114408493042
0,85,1.3999390602111816
0,86,1.3866729736328125
0,87,1.419167399406433
0,88,1.409949779510498
0,89,1.4099911451339722
0,90,1.6853477954864502
0,91,1.3871406316757202
0,92,1.3851227760314941
0,93,1.3758198022842407
0,94,1.3884427547454834
0,95,1.3769285678863525
0,96,1.375161051750183
0,97,1.3670963048934937
0,98,1.3632901906967163
0,99,1.4173566102981567
0,100,1.3609665632247925
0,101,1.361009955406189
0,102,1.4262914657592773
0,103,1.351804494857788
0,104,1.4142801761627197
0,105,1.3530516624450684
0,106,1.3532555103302002
0,107,1.3687604665756226
0,108,1.342746376991272
0,109,1.3475126028060913
0,110,1.3522599935531616
0,111,1.3314276933670044
0,112,1.3654344081878662
0,113,1.3633654117584229
0,114,1.337946891784668
0,115,1.3355802297592163
0,116,1.3393152952194214
0,117,1.3268157243728638
0,118,1.3157422542572021
0,119,1.3240405321121216
0,120,1.41001296043396
0,121,1.3202576637268066
0,122,1.3073829412460327
0,123,1.3481106758117676
0,124,1.3289659023284912
0,125,1.3041026592254639
0,126,1.3408979177474976
0,127,1.2937978506088257
0,128,1.3067997694015503
0,129,1.3050347566604614
0,130,1.3133622407913208
0,131,1.3214874267578125
0,132,1.3085604906082153
0,133,1.3147468566894531
0,134,1.2870696783065796
0,135,1.3251546621322632
0,136,1.2774035930633545
0,137,1.292762279510498
0,138,1.2736109495162964
0,139,1.8369125127792358
0,140,1.26021409034729
0,141,1.291172981262207
0,142,1.3210890293121338
0,143,1.2886323928833008
0,144,1.2676973342895508
0,145,1.2529282569885254
0,146,1.24888277053833
0,147,1.2709200382232666
0,148,1.2462760210037231
0,149,1.386710286140442
0,150,1.2708241939544678
0,151,1.2405004501342773
0,152,1.2542616128921509
0,153,1.2283577919006348
0,154,1.215632438659668
0,155,1.2761260271072388
0,156,1.2197697162628174
0,157,1.2416253089904785
0,158,1.2064887285232544
0,159,1.2081947326660156
0,160,1.2186518907546997
0,161,1.2016620635986328
0,162,1.206140160560608
0,163,1.1819941997528076
0,164,1.1809301376342773
0,165,1.1929948329925537
0,166,1.1962090730667114
0,167,1.194498896598816
0,168,1.1856849193572998
0,169,1.199093222618103
0,170,1.1710742712020874
0,171,1.1737961769104004
0,172,1.165614366531372
0,173,1.1593760251998901
0,174,1.1467626094818115
0,175,1.1496201753616333
0,176,1.1449452638626099
0,177,1.1448255777359009
0,178,1.1335182189941406
0,179,1.1218616962432861
0,180,1.1325361728668213
0,181,1.1195595264434814
0,182,1.115656852722168
0,183,1.1196646690368652
0,184,1.1139708757400513
0,185,1.0940762758255005
0,186,1.1139425039291382
0,187,1.124465823173523
0,188,1.0906999111175537
0,189,1.119099736213684
0,190,1.0781886577606201
0,191,1.109347939491272
0,192,1.0788376331329346
0,193,1.063408613204956
0,194,1.0650016069412231
0,195,1.067456841468811
0,196,1.0528957843780518
0,197,1.045694351196289
0,198,1.0586851835250854
0,199,1.047014832496643
0,200,1.0322378873825073
0,201,1.041373372077942
0,202,1.0321440696716309
0,203,1.0361696481704712
0,204,1.0184062719345093
0,205,1.0335325002670288
0,206,1.0032578706741333
0,207,1.0291239023208618
0,208,1.0076466798782349
0,209,1.0189778804779053
0,210,1.0042651891708374
0,211,1.0061936378479004
0,212,1.0595489740371704
0,213,1.0043151378631592
0,214,0.989824116230011
0,215,0.9779117107391357
0,216,0.9960136413574219
0,217,1.0076669454574585
0,218,0.9965031147003174
0,219,1.0046570301055908
0,220,0.9917982816696167
0,221,1.087920904159546
0,222,0.957710325717926
0,223,0.9555181264877319
0,224,1.051416039466858
0,225,0.9614436626434326
0,226,0.9452167749404907
0,227,0.931475818157196
0,228,0.9801711440086365
0,229,0.9492718577384949
0,230,0.9162654280662537
0,231,0.9455496072769165
0,232,0.9485093951225281
0,233,0.9331346154212952
0,234,0.9573386907577515
0,235,0.9135879278182983
0,236,0.8965550661087036
0,237,0.908677339553833
0,238,0.9136778116226196
0,239,0.9038211107254028
0,240,0.9097932577133179
0,241,0.9001858234405518
0,242,0.8866694569587708
0,243,0.8942652344703674
0,244,0.8940932154655457
0,245,0.8680768609046936
0,246,0.8574651479721069
0,247,0.8748725652694702
0,248,0.8603233098983765
0,249,0.8564416766166687
0,250,0.8547477126121521
0,251,0.850492537021637
0,252,0.8530170917510986
0,253,0.8310766220092773
0,254,0.8410616517066956
0,255,0.8411315083503723
0,256,0.8240959644317627
0,257,0.830665111541748
0,258,0.8466241359710693
0,259,0.8377587795257568
0,260,0.8196309804916382
0,261,0.7952638268470764
0,262,0.8034933805465698
0,263,0.7865137457847595
0,264,0.7897862792015076
0,265,0.7758557200431824
0,266,0.7726765871047974
0,267,0.7881871461868286
0,268,0.8456280827522278
0,269,0.7598384618759155
0,270,0.7587960958480835
0,271,0.7591631412506104
0,272,0.7587377429008484
0,273,0.7614383697509766
0,274,0.7442575693130493
0,275,0.758653461933136
0,276,0.7506237030029297
0,277,0.7222172617912292
0,278,0.732650637626648
0,279,0.7116407155990601
0,280,0.7035192251205444
0,281,0.706141471862793
0,282,0.6973253488540649
0,283,0.6958612203598022
0,284,0.6940233707427979
0,285,0.6870976090431213
0,286,0.6710588932037354
0,287,0.6598464250564575
0,288,0.6727659702301025
0,289,0.6506024599075317
0,290,0.6639217138290405
0,291,0.6592538952827454
1,0,0.6558830738067627
1,1,0.7590392231941223
1,2,0.6277285218238831
1,3,0.6440083980560303
1,4,0.6227840781211853
1,5,0.6160137057304382
1,6,0.6007087826728821
1,7,0.5920464396476746
1,8,0.5914562344551086
1,9,0.5775232315063477
1,10,0.5704222321510315
1,11,0.573237955570221
1,12,0.5581467747688293
1,13,0.5456225275993347
1,14,0.5461540818214417
1,15,0.5458171367645264
1,16,0.5481112003326416
1,17,0.5408917665481567
1,18,0.5248292684555054
1,19,0.5243654847145081
1,20,0.5136655569076538
1,21,0.5228278636932373
1,22,0.5117011070251465
1,23,0.5645470023155212
1,24,0.4875682294368744
1,25,0.49169766902923584
1,26,0.48213011026382446
1,27,0.5060421824455261
1,28,0.4733090400695801
1,29,0.46776023507118225
1,30,0.4548588991165161
1,31,0.4535728693008423
1,32,0.4591091275215149
1,33,0.4616200625896454
1,34,0.46215033531188965
1,35,0.519664466381073
1,36,0.46905383467674255
1,37,0.5016255378723145
1,38,0.49456652998924255
1,39,0.47068363428115845
1,40,0.4619015157222748
1,41,0.43057146668434143
1,42,0.40363451838493347
1,43,0.4274443984031677
1,44,0.4438297748565674
1,45,0.43746331334114075
1,46,0.4129561185836792
1,47,0.4164983034133911
1,48,0.39949706196784973
1,49,0.38871052861213684
1,50,0.3840160369873047
1,51,0.3778262436389923
1,52,0.4002421200275421
1,53,0.49803832173347473
1,54,0.4160194396972656
1,55,0.38329750299453735
1,56,0.37284356355667114
1,57,0.3708662986755371
1,58,0.38529032468795776
1,59,0.3996594250202179
1,60,0.41554170846939087
1,61,0.34398573637008667
1,62,0.33270007371902466
1,63,0.36156362295150757
1,64,0.35051873326301575
1,65,0.3336644470691681
1,66,0.33086687326431274
1,67,0.35277116298675537
1,68,0.3939231038093567
1,69,0.35188356041908264
1,70,0.3422577977180481
1,71,0.37748757004737854
1,72,0.32320889830589294
1,73,0.3476637303829193
1,74,0.31678682565689087
1,75,0.4915909469127655
1,76,0.309786319732666
1,77,0.30897364020347595
1,78,0.3437016010284424
1,79,0.30454662442207336
1,80,0.3364063799381256
1,81,0.3175700902938843
1,82,0.29269295930862427
1,83,0.2881631553173065
1,84,0.30867502093315125
1,85,0.2918928861618042
1,86,0.29759037494659424
1,87,0.26785698533058167
1,88,0.2674156427383423
1,89,0.26570966839790344
1,90,0.25102850794792175
1,91,0.24323585629463196
1,92,0.2453315258026123
1,93,0.26555368304252625
1,94,0.2420852929353714
1,95,0.24943897128105164
1,96,0.2578597664833069
1,97,0.24272502958774567
1,98,0.2487649917602539
1,99,0.2261861264705658
1,100,0.24539750814437866
1,101,0.23475150763988495
1,102,0.24040104448795319
1,103,0.21972016990184784
1,104,0.22574417293071747
1,105,0.21247701346874237
1,106,0.23534730076789856
1,107,0.22752636671066284
1,108,0.23146222531795502
1,109,0.21010608971118927
1,110,0.21557797491550446
1,111,0.23893016576766968
1,112,0.22668391466140747
1,113,0.21958445012569427
1,114,0.19666814804077148
1,115,0.20339414477348328
1,116,0.2167195826768875
1,117,0.20358428359031677
1,118,0.2106294333934784
1,119,0.22292114794254303
1,120,0.23096269369125366
1,121,0.1932561844587326
1,122,0.20505274832248688
1,123,0.2101614624261856
1,124,0.19133923947811127
1,125,0.19340795278549194
1,126,0.18584959208965302
1,127,0.18420179188251495
1,128,0.21086439490318298
1,129,0.1919407695531845
1,130,0.17741264402866364
1,131,0.1969381719827652
1,132,0.18917948007583618
1,133,0.22716450691223145
1,134,0.2839764654636383
1,135,0.235067680478096
1,136,0.18098676204681396
1,137,0.17725330591201782
1,138,0.18287795782089233
1,139,0.2205868661403656
1,140,0.21545743942260742
1,141,0.1675783097743988
1,142,0.16828104853630066
1,143,0.20273730158805847
1,144,0.17651204764842987
1,145,0.17819970846176147
1,146,0.2525387704372406
1,147,0.17175167798995972
1,148,0.17940089106559753
1,149,0.2098470777273178
1,150,0.20238777995109558
1,151,0.16608339548110962
1,152,0.23974952101707458
1,153,0.16857700049877167
1,154,0.1589154303073883
1,155,0.1728254109621048
1,156,0.17204606533050537
1,157,0.15561652183532715
1,158,0.1521296203136444
1,159,0.1785038709640503
1,160,0.1576067954301834
1,161,0.1649702489376068
1,162,0.1501237004995346
1,163,0.16297446191310883
1,164,0.1394115835428238
1,165,0.133192777633667
1,166,0.1322626769542694
1,167,0.13072875142097473
1,168,0.15574252605438232
1,169,0.16599488258361816
1,170,0.12897279858589172
1,171,0.1681770533323288
1,172,0.13905112445354462
1,173,0.1500682532787323
1,174,0.1604520082473755
1,175,0.14778611063957214
1,176,0.13286976516246796
1,177,0.20330071449279785
1,178,0.1251191347837448
1,179,0.16216012835502625
1,180,0.1525619924068451
1,181,0.14045295119285583
1,182,0.21030621230602264
1,183,0.11923505365848541
1,184,0.15000689029693604
1,185,0.14378777146339417
1,186,0.21357694268226624
1,187,0.16729342937469482
1,188,0.14909732341766357
1,189,0.15202483534812927
1,190,0.16693851351737976
1,191,0.19516883790493011
1,192,0.15084652602672577
1,193,0.16533024609088898
1,194,0.13994766771793365
1,195,0.14037290215492249
1,196,0.13702994585037231
1,197,0.12687356770038605
1,198,0.12231393903493881
1,199,0.139054536819458
1,200,0.1264781951904297
1,201,0.1343177855014801
1,202,0.1279376894235611
1,203,0.1518198847770691
1,204,0.3415452539920807
1,205,0.2056560516357422
1,206,0.14853884279727936
1,207,0.1387261003255844
1,208,0.14689673483371735
1,209,0.19552816450595856
1,210,0.13569261133670807
1,211,0.10673084110021591
1,212,0.19003209471702576
1,213,0.11248420178890228
1,214,0.11575748771429062
1,215,0.1036154106259346
1,216,0.12022670358419418
1,217,0.16258743405342102
1,218,0.12048883736133575
1,219,0.10503927618265152
1,220,0.09040708839893341
1,221,0.11252568662166595
1,222,0.09539211541414261
1,223,0.1234375536441803
1,224,0.09518110752105713
1,225,0.09145315736532211
1,226,0.09746710956096649
1,227,0.10187876969575882
1,228,0.1407957226037979
1,229,0.13796813786029816
1,230,0.12916015088558197
1,231,0.11906923353672028
1,232,0.11342529952526093
1,233,0.1025344505906105
1,234,0.12762679159641266
1,235,0.11724070459604263
1,236,0.09577176719903946
1,237,0.16210538148880005
1,238,0.10112378746271133
1,239,0.12114932388067245
1,240,0.10826393961906433
1,241,0.12044667452573776
1,242,0.09905128180980682
1,243,0.10263171046972275
1,244,0.09779714792966843
1,245,0.10618416965007782
1,246,0.10024265944957733
1,247,0.10543767362833023
1,248,0.12259233742952347
1,249,0.13731108605861664
1,250,0.12496732175350189
1,251,0.10446757823228836
1,252,0.1043899729847908
1,253,0.1106109768152237
1,254,0.08636373281478882
1,255,0.08282100409269333
1,256,0.09652653336524963
1,257,0.07664075493812561
1,258,0.08819085359573364
1,259,0.0858374685049057
1,260,0.08813148736953735
1,261,0.07648079097270966
1,262,0.09335339069366455
1,263,0.09308241307735443
1,264,0.0746813639998436
1,265,0.10217621922492981
1,266,0.12333917617797852
1,267,0.09824033081531525
1,268,0.09513773024082184
1,269,0.13933373987674713
1,270,0.12040356546640396
1,271,0.10083549469709396
1,272,0.08110255748033524
1,273,0.08792828023433685
1,274,0.10788125544786453
1,275,0.14892242848873138
1,276,0.07813987135887146
1,277,0.08843100070953369
1,278,0.11133331060409546
1,279,0.10386201739311218
1,280,0.08551442623138428
1,281,0.09216763079166412
1,282,0.1099698469042778
1,283,0.09008742868900299
1,284,0.1051149070262909
1,285,0.09937158972024918
1,286,0.09335389733314514
1,287,0.08004569262266159
1,288,0.0864608883857727
1,289,0.08924773335456848
1,290,0.08272028714418411
1,291,0.08340118080377579
2,0,0.12742866575717926
2,1,0.10081777721643448
2,2,0.08001977205276489
2,3,0.07329832017421722
2,4,0.08398323506116867
2,5,0.0629383847117424
2,6,0.07724743336439133
2,7,0.06687363237142563
2,8,0.1491939276456833
2,9,0.10915578901767731
2,10,0.07529182732105255
2,11,0.1123548150062561
2,12,0.07180838286876678
2,13,0.07543780654668808
2,14,0.09596426784992218
2,15,0.07142031192779541
2,16,0.07723388075828552
2,17,0.06358417123556137
2,18,0.06470344215631485
2,19,0.07861172407865524
2,20,0.08208929747343063
2,21,0.07934971898794174
2,22,0.08830931037664413
2,23,0.10651744902133942
2,24,0.06925836205482483
2,25,0.06635668128728867
2,26,0.0883248895406723
2,27,0.06669110804796219
2,28,0.0660499706864357
2,29,0.0653524324297905
2,30,0.10263946652412415
2,31,0.08065525442361832
2,32,0.08611193299293518
2,33,0.07222657650709152
2,34,0.09290479123592377
2,35,0.08482164144515991
2,36,0.07908869534730911
2,37,0.08757102489471436
2,38,0.07870332151651382
2,39,0.08606653660535812
2,40,0.18227434158325195
2,41,0.15563206374645233
2,42,0.10330144315958023
2,43,0.101373091340065
2,44,0.13220234215259552
2,45,0.10587598383426666
2,46,0.11038994789123535
2,47,0.09213145077228546
2,48,0.08649148792028427
2,49,0.09502967447042465
2,50,0.1004072055220604
2,51,0.13550488650798798
2,52,0.09219025820493698
2,53,0.12190920859575272
2,54,0.06330420821905136
2,55,0.07515566051006317
2,56,0.06613195687532425
2,57,0.062004849314689636
2,58,0.08139316737651825
2,59,0.05666583031415939
2,60,0.08099652826786041
2,61,0.10736076533794403
2,62,0.06730375438928604
2,63,0.06579766422510147
2,64,0.12061832845211029
2,65,0.06332431733608246
2,66,0.06996072083711624
2,67,0.11156391352415085
2,68,0.05978493392467499
2,69,0.10095718502998352
2,70,0.0866863876581192
2,71,0.0666428729891777
2,72,0.08063797652721405
2,73,0.10781601816415787
2,74,0.13931551575660706
2,75,0.061473358422517776
2,76,0.07680632174015045
2,77,0.08424839377403259
2,78,0.05905505642294884
2,79,0.05274955928325653
2,80,0.06565927714109421
2,81,0.0665116235613823
2,82,0.07885326445102692
2,83,0.04633314162492752
2,84,0.052445340901613235
2,85,0.054923608899116516
2,86,0.05598911643028259
2,87,0.0505714938044548
2,88,0.061881475150585175
2,89,0.05585409700870514
2,90,0.05703195929527283
2,91,0.08025059103965759
2,92,0.0489501915872097
2,93,0.0668095126748085
2,94,0.090619757771492
2,95,0.08690230548381805
2,96,0.07456564903259277
2,97,0.10623107105493546
2,98,0.09263748675584793
2,99,0.05241542309522629
2,100,0.22438116371631622
2,101,0.08946558088064194
2,102,0.18304502964019775
2,103,0.0894855335354805
2,104,0.0847482830286026
2,105,0.06311608105897903
2,106,0.07101664692163467
2,107,0.0893806740641594
2,108,0.04806208983063698
2,109,0.059174954891204834
2,110,0.1005219966173172
2,111,0.06244409829378128
2,112,0.10874589532613754
2,113,0.0445244126021862
2,114,0.05353078246116638
2,115,0.056412000209093094
2,116,0.04681132361292839
2,117,0.04573493078351021
2,118,0.06265468895435333
2,119,0.07083573192358017
2,120,0.0554429367184639
2,121,0.06982094049453735
2,122,0.07003933191299438
2,123,0.04815684258937836
2,124,0.09139592945575714
2,125,0.04602868854999542
2,126,0.06653299927711487
2,127,0.06988795846700668
2,128,0.0592791885137558
2,129,0.05512361600995064
2,130,0.061058055609464645
2,131,0.052107151597738266
2,132,0.0904151052236557
2,133,0.09993328899145126
2,134,0.07395228743553162
2,135,0.11179473996162415
2,136,0.08013925701379776
2,137,0.08767988532781601
2,138,0.09627410769462585
2,139,0.04540251940488815
2,140,0.0788346529006958
2,141,0.061457112431526184
2,142,0.09813925623893738
2,143,0.05079378932714462
2,144,0.04804567992687225
2,145,0.060771845281124115
2,146,0.059222910553216934
2,147,0.05527839809656143
2,148,0.07086087018251419
2,149,0.06561199575662613
2,150,0.0713791623711586
2,151,0.05563053861260414
2,152,0.07359273731708527
2,153,0.06282154470682144
2,154,0.09943927079439163
2,155,0.05848770961165428
2,156,0.0800696387887001
2,157,0.10066966712474823
2,158,0.06055363267660141
2,159,0.10669926553964615
2,160,0.09566033631563187
2,161,0.06051754578948021
2,162,0.08950763195753098
2,163,0.0455387607216835
2,164,0.04493797570466995
2,165,0.07330651581287384
2,166,0.03858240693807602
2,167,0.05974278226494789
2,168,0.07955832034349442
2,169,0.05138527974486351
2,170,0.04811812564730644
2,171,0.079037606716156
2,172,0.07839968800544739
2,173,0.18405115604400635
2,174,0.041813381016254425
2,175,0.07295993715524673
2,176,0.06509621441364288
2,177,0.07216373831033707
2,178,0.05734195560216904
2,179,0.04816701263189316
2,180,0.03868579864501953
2,181,0.1000954806804657
2,182,0.12481081485748291
2,183,0.05910880118608475
2,184,0.12147043645381927
2,185,0.07316596060991287
2,186,0.09267900139093399
2,187,0.043520618230104446
2,188,0.09376063197851181
2,189,0.07482676953077316
2,190,0.08600600063800812
2,191,0.07454559206962585
2,192,0.07121957838535309
2,193,0.04404415190219879
2,194,0.05284250155091286
2,195,0.04683615267276764
2,196,0.0849142074584961
2,197,0.040997955948114395
2,198,0.053331103175878525
2,199,0.05103493481874466
2,200,0.07220683991909027
2,201,0.04973357915878296
2,202,0.1458146721124649
2,203,0.18940547108650208
2,204,0.07952699810266495
2,205,0.06294761598110199
2,206,0.12347360700368881
2,207,0.10901764780282974
2,208,0.07970266044139862
2,209,0.05062306672334671
2,210,0.08372971415519714
2,211,0.13241809606552124
2,212,0.08354800194501877
2,213,0.10011295974254608
2,214,0.07879257202148438
2,215,0.0822904109954834
2,216,0.07403742522001266
2,217,0.1338311731815338
2,218,0.10500926524400711
2,219,0.11745744198560715
2,220,0.06929989904165268
2,221,0.06382331252098083
2,222,0.08925846219062805
2,223,0.04945944622159004
2,224,0.050367675721645355
2,225,0.04406474158167839
2,226,0.09010057151317596
2,227,0.042015135288238525
2,228,0.0625578910112381
2,229,0.06597349792718887
2,230,0.051938485354185104
2,231,0.03794547915458679
2,232,0.06935597956180573
2,233,0.04969434067606926
2,234,0.04677961394190788
2,235,0.05437823757529259
2,236,0.055548232048749924
2,237,0.05449299514293671
2,238,0.04419217258691788
2,239,0.03965091332793236
2,240,0.07633723318576813
2,241,0.04267767071723938
2,242,0.07020142674446106
2,243,0.12404151260852814
2,244,0.09364254027605057
2,245,0.0813683345913887
2,246,0.08394617587327957
2,247,0.056430816650390625
2,248,0.10563818365335464
2,249,0.03402149677276611
2,250,0.07991398125886917
2,251,0.08185561746358871
2,252,0.08585958927869797
2,253,0.046501267701387405
2,254,0.085533007979393
2,255,0.04810338467359543
2,256,0.046534884721040726
2,257,0.07493134588003159
2,258,0.09667310118675232
2,259,0.11239315569400787
2,260,0.1772426962852478
2,261,0.15224440395832062
2,262,0.15957540273666382
2,263,0.10667239874601364
2,264,0.11339166760444641
2,265,0.07567130774259567
2,266,0.05130424350500107
2,267,0.053172528743743896
2,268,0.04357164353132248
2,269,0.05308832973241806
2,270,0.05000976473093033
2,271,0.04813886806368828
2,272,0.059955619275569916
2,273,0.05354645475745201
2,274,0.12834052741527557
2,275,0.06745162606239319
2,276,0.10310663282871246
2,277,0.09230249375104904
2,278,0.0446518212556839
2,279,0.13476401567459106
2,280,0.061622459441423416
2,281,0.07171324640512466
2,282,0.04872306436300278
2,283,0.04891762137413025
2,284,0.04173607751727104
2,285,0.06706441193819046
2,286,0.06735308468341827
2,287,0.09580164402723312
2,288,0.08107548207044601
2,289,0.05405297130346298
2,290,0.07607287913560867
2,291,0.06396939605474472
3,0,0.04681806266307831
3,1,0.090138740837574
3,2,0.10231029987335205
3,3,0.09586608409881592
3,4,0.07468737661838531
3,5,0.05864278972148895
3,6,0.09466700255870819
3,7,0.06721039861440659
3,8,0.08538086712360382
3,9,0.055066004395484924
3,10,0.054303303360939026
3,11,0.10493352264165878
3,12,0.24193061888217926
3,13,0.1286798119544983
3,14,0.10399719327688217
3,15,0.04611172527074814
3,16,0.05839342251420021
3,17,0.07512269914150238
3,18,0.03935777768492699
3,19,0.047896817326545715
3,20,0.05874522030353546
3,21,0.08446729183197021
3,22,0.04883524402976036
3,23,0.030520670115947723
3,24,0.05658837407827377
3,25,0.06509080529212952
3,26,0.05086576193571091
3,27,0.042163945734500885
3,28,0.04172782227396965
3,29,0.048629987984895706
3,30,0.06200792267918587
3,31,0.04409029334783554
3,32,0.06305764615535736
3,33,0.05477425456047058
3,34,0.04270055145025253
3,35,0.09210676699876785
3,36,0.09011601656675339
3,37,0.1521102488040924
3,38,0.04795420169830322
3,39,0.06743884831666946
3,40,0.13990738987922668
3,41,0.23262470960617065
3,42,0.16359777748584747
3,43,0.07406704127788544
3,44,0.07990380376577377
3,45,0.0588654987514019
3,46,0.07285084575414658
3,47,0.04386201873421669
3,48,0.05374710261821747
3,49,0.13318222761154175
3,50,0.05028238892555237
3,51,0.064679354429245
3,52,0.040853675454854965
3,53,0.04101943224668503
3,54,0.1081797331571579
3,55,0.06654839962720871
3,56,0.06049351394176483
3,57,0.07022102177143097
3,58,0.09129533171653748
3,59,0.04276389256119728
3,60,0.04444678872823715
3,61,0.03963518887758255
3,62,0.043452490121126175
3,63,0.06122375279664993
3,64,0.04344828799366951
3,65,0.03928093984723091
3,66,0.03639564663171768
3,67,0.03791649267077446
3,68,0.07467150688171387
3,69,0.0655754879117012
3,70,0.07503875344991684
3,71,0.07392369210720062
3,72,0.19193428754806519
3,73,0.19928640127182007
3,74,0.08372535556554794
3,75,0.10386621952056885
3,76,0.05553031340241432
3,77,0.07955556362867355
3,78,0.043607424944639206
3,79,0.05522961914539337
3,80,0.0523359589278698
3,81,0.035882119089365005
3,82,0.04642381891608238
3,83,0.1438663899898529
3,84,0.04534575343132019
3,85,0.031193193048238754
3,86,0.04944759979844093
3,87,0.037954702973365784
3,88,0.04708920419216156
3,89,0.05939998850226402
3,90,0.03910674527287483
3,91,0.057682812213897705
3,92,0.05776546150445938
3,93,0.05374065414071083
3,94,0.15636490285396576
3,95,0.11725512146949768
3,96,0.14170712232589722
3,97,0.062438108026981354
3,98,0.0630304291844368
3,99,0.0473259836435318
3,100,0.07783400267362595
3,101,0.06597529351711273
3,102,0.05456572771072388
3,103,0.10009842365980148
3,104,0.07357059419155121
3,105,0.050803642719984055
3,106,0.08414077758789062
3,107,0.053004320710897446
3,108,0.05725068971514702
3,109,0.0961676687002182
3,110,0.06550014019012451
3,111,0.04599529504776001
3,112,0.0809236615896225
3,113,0.07738891988992691
3,114,0.043918855488300323
3,115,0.05956307798624039
3,116,0.049888886511325836
3,117,0.06195453926920891
3,118,0.051978740841150284
3,119,0.13208460807800293
3,120,0.03961097449064255
3,121,0.07388368248939514
3,122,0.07367657124996185
3,123,0.057976409792900085
3,124,0.07248667627573013
3,125,0.041550952941179276
3,126,0.04486513137817383
3,127,0.07382997125387192
3,128,0.04338274896144867
3,129,0.05069606006145477
3,130,0.06772986799478531
3,131,0.05801376700401306
3,132,0.0650678351521492
3,133,0.08109783381223679
3,134,0.09066643565893173
3,135,0.13328740000724792
3,136,0.1053396612405777
3,137,0.2131556272506714
3,138,0.0737251490354538
3,139,0.06308701634407043
3,140,0.05568214878439903
3,141,0.05555971711874008
3,142,0.0662904605269432
3,143,0.06666076928377151
3,144,0.047779250890016556
3,145,0.057364873588085175
3,146,0.09548602998256683
3,147,0.07127569615840912
3,148,0.11955900490283966
3,149,0.09558799862861633
3,150,0.1165037527680397
3,151,0.10007874667644501
3,152,0.04983646422624588
3,153,0.048932235687971115
3,154,0.03928229212760925
3,155,0.032250769436359406
3,156,0.06248930096626282
3,157,0.05685645341873169
3,158,0.057933785021305084
3,159,0.032217416912317276
3,160,0.03259982168674469
3,161,0.06195787340402603
3,162,0.04628366231918335
3,163,0.060721781104803085
3,164,0.056234344840049744
3,165,0.06285449862480164
3,166,0.08319327980279922
3,167,0.09220358729362488
3,168,0.04467134550213814
3,169,0.07402420789003372
3,170,0.05149172618985176
3,171,0.10545455664396286
3,172,0.10473918169736862
3,173,0.1006224974989891
3,174,0.08343137800693512
3,175,0.10351262241601944
3,176,0.19167715311050415
3,177,0.1265762597322464
3,178,0.06819711625576019
3,179,0.10657255351543427
3,180,0.09593284130096436
3,181,0.05637016147375107
3,182,0.05723084509372711
3,183,0.06973696500062943
3,184,0.0675409659743309
3,185,0.05357053875923157
3,186,0.03518499433994293
3,187,0.04743792116641998
3,188,0.03307212144136429
3,189,0.03625030070543289
3,190,0.06525179743766785
3,191,0.033061761409044266
3,192,0.05445728451013565
3,193,0.04458659887313843
3,194,0.04258435219526291
3,195,0.043294813483953476
3,196,0.04539533704519272
3,197,0.06814956665039062
3,198,0.057748422026634216
3,199,0.07278862595558167
3,200,0.09675943851470947
3,201,0.047602854669094086
3,202,0.06736823171377182
3,203,0.04264526069164276
3,204,0.11558655649423599
3,205,0.10158540308475494
3,206,0.06370115280151367
3,207,0.056120969355106354
3,208,0.06515324860811234
3,209,0.09787701070308685
3,210,0.07658682763576508
3,211,0.03036251850426197
3,212,0.03295706585049629
3,213,0.057078443467617035
3,214,0.051447197794914246
3,215,0.04750370606780052
3,216,0.08359397947788239
3,217,0.035179030150175095
3,218,0.024539297446608543
3,219,0.028162967413663864
3,220,0.038280848413705826
3,221,0.050562914460897446
3,222,0.025830460712313652
3,223,0.023000568151474
3,224,0.05074151232838631
3,225,0.04684831202030182
3,226,0.07490224391222
3,227,0.08627734333276749
3,228,0.14611513912677765
3,229,0.08751410245895386
3,230,0.04583809897303581
3,231,0.12232550978660583
3,232,0.045846253633499146
3,233,0.04008037969470024
3,234,0.0391450971364975
3,235,0.09384164214134216
3,236,0.10003135353326797
3,237,0.08402244001626968
3,238,0.03935771435499191
3,239,0.04798852652311325
3,240,0.03878431394696236
3,241,0.047856371849775314
3,242,0.06005657836794853
3,243,0.03499022498726845
3,244,0.06549360603094101
3,245,0.039930928498506546
3,246,0.05703410133719444
3,247,0.03427398204803467
3,248,0.03574565052986145
3,249,0.03285343199968338
3,250,0.058268994092941284
3,251,0.04387073963880539
3,252,0.08080103248357773
3,253,0.032026179134845734
3,254,0.07109274715185165
3,255,0.06206708401441574
3,256,0.052155282348394394
3,257,0.06815516948699951
3,258,0.05940331518650055
3,259,0.04774259403347969
3,260,0.1288495510816574
3,261,0.048493508249521255
3,262,0.042381394654512405
3,263,0.06290604919195175
3,264,0.06625399738550186
3,265,0.06516489386558533
3,266,0.04513465613126755
3,267,0.11851127445697784
3,268,0.04770147055387497
3,269,0.09415508806705475
3,270,0.04418712109327316
3,271,0.07601723074913025
3,272,0.12530995905399323
3,273,0.06326994299888611
3,274,0.0940721333026886
3,275,0.08034311980009079
3,276,0.1294538974761963
3,277,0.0476173460483551
3,278,0.060244135558605194
3,279,0.04022906720638275
3,280,0.03426452726125717
3,281,0.02925434522330761
3,282,0.09893503040075302
3,283,0.10327692329883575
3,284,0.25421857833862305
3,285,0.12451725453138351
3,286,0.21706075966358185
3,287,0.08873135596513748
3,288,0.08537488430738449
3,289,0.058752965182065964
3,290,0.04380347207188606
3,291,0.031789761036634445
